{
  "main": {
    "id": "03551fc8b694aafa",
    "type": "split",
    "children": [
      {
        "id": "8a5b30832a2103d4",
        "type": "tabs",
        "children": [
          {
            "id": "7d982da5d3eaf074",
            "type": "leaf",
            "state": {
              "type": "markdown",
              "state": {
                "file": "MSE - Função de Erro Quadrático.md",
                "mode": "source",
                "source": false
              },
              "icon": "lucide-file",
              "title": "MSE - Função de Erro Quadrático"
            }
          },
          {
            "id": "6b2bc76b0dc99b21",
            "type": "leaf",
            "state": {
              "type": "markdown",
              "state": {
                "file": "MSE - Função de Erro Quadrático.md",
                "mode": "source",
                "source": false
              },
              "icon": "lucide-file",
              "title": "MSE - Função de Erro Quadrático"
            }
          },
          {
            "id": "767fae54103e91ee",
            "type": "leaf",
            "state": {
              "type": "markdown",
              "state": {
                "file": "Atualização de Pesos.md",
                "mode": "source",
                "source": false
              },
              "icon": "lucide-file",
              "title": "Atualização de Pesos"
            }
          },
          {
            "id": "7d8b016316ec3deb",
            "type": "leaf",
            "state": {
              "type": "markdown",
              "state": {
                "file": "Atualização de Pesos.md",
                "mode": "source",
                "source": false
              },
              "icon": "lucide-file",
              "title": "Atualização de Pesos"
            }
          }
        ],
        "currentTab": 3
      }
    ],
    "direction": "vertical"
  },
  "left": {
    "id": "3d47aef936b7eaed",
    "type": "mobile-drawer",
    "children": [
      {
        "id": "5f19bc0f89a397fa",
        "type": "leaf",
        "state": {
          "type": "file-explorer",
          "state": {
            "sortOrder": "alphabetical",
            "autoReveal": false
          },
          "icon": "lucide-folder-closed",
          "title": "Explorador de ficheiros"
        }
      },
      {
        "id": "85bf5fa08a42f684",
        "type": "leaf",
        "state": {
          "type": "search",
          "state": {
            "query": "",
            "matchingCase": false,
            "explainSearch": false,
            "collapseAll": false,
            "extraContext": false,
            "sortOrder": "alphabetical"
          },
          "icon": "lucide-search",
          "title": "Search"
        }
      },
      {
        "id": "99f43efd455739e6",
        "type": "leaf",
        "state": {
          "type": "tag",
          "state": {
            "sortOrder": "frequency",
            "useHierarchy": true,
            "showSearch": false,
            "searchQuery": ""
          },
          "icon": "lucide-tags",
          "title": "Tags"
        }
      },
      {
        "id": "669906c22f4d4522",
        "type": "leaf",
        "state": {
          "type": "bookmarks",
          "state": {},
          "icon": "lucide-bookmark",
          "title": "Bookmarks"
        }
      }
    ],
    "currentTab": 0
  },
  "right": {
    "id": "94d762a2bff8a73b",
    "type": "mobile-drawer",
    "children": [
      {
        "id": "1ffadc1fc9f4b1fd",
        "type": "leaf",
        "state": {
          "type": "backlink",
          "state": {
            "file": "Função Numérica e Função ReLU.md",
            "collapseAll": false,
            "extraContext": false,
            "sortOrder": "alphabetical",
            "showSearch": false,
            "searchQuery": "",
            "backlinkCollapsed": false,
            "unlinkedCollapsed": true
          },
          "icon": "links-coming-in",
          "title": "Backlinks"
        }
      },
      {
        "id": "6082b1a3886285a9",
        "type": "leaf",
        "state": {
          "type": "outgoing-link",
          "state": {
            "linksCollapsed": false,
            "unlinkedCollapsed": true
          },
          "icon": "links-going-out",
          "title": "Outgoing links"
        }
      },
      {
        "id": "7465b3235597481d",
        "type": "leaf",
        "state": {
          "type": "outline",
          "state": {
            "followCursor": false,
            "showSearch": false,
            "searchQuery": ""
          },
          "icon": "lucide-list",
          "title": "Outline"
        }
      }
    ],
    "currentTab": 0
  },
  "left-ribbon": {
    "hiddenItems": {
      "switcher:Abrir Quick Switcher": false,
      "graph:Abrir Visualização de diagrama de grafo": false,
      "daily-notes:Abrir nota de hoje": false,
      "templates:Inserir templates": false,
      "command-palette:Abrir paleta de comando": false,
      "canvas:Create new canvas": false
    }
  },
  "active": "7d8b016316ec3deb",
  "lastOpenFiles": [
    "MSE - Função de Erro Quadrático.md",
    "Funções Lineares vs Não Lineares.md",
    "Atualização de Pesos.md",
    "Função Numérica e Função ReLU.md",
    "Gradiente Descendente.md"
  ]
}